psds,label
"[[ -92.28598868  -92.2091943   -92.26181447 ... -144.46416082
  -144.46417574 -144.46507737]
 [ -91.70801419  -91.65655106  -91.82370539 ... -145.01731942
  -145.01752148 -145.01760321]
 [ -93.24927512  -93.08522047  -93.15117136 ... -145.03286777
  -145.03352778 -145.03089186]
 ...
 [ -90.02318073  -89.92037343  -90.06008577 ... -143.1424083
  -143.14201459 -143.14249624]
 [ -89.69362705  -90.22563519  -90.67476759 ... -142.53054682
  -142.53164909 -142.53083051]
 [ -90.02011973  -90.51002384  -90.94192094 ... -142.64304202
  -142.64195099 -142.64223836]]",1
"[[ -96.78672499  -97.22445439  -97.66599934 ... -146.97385877
  -146.97270026 -146.97269479]
 [ -97.98661532  -98.35612951  -98.68216392 ... -147.39577556
  -147.3949058  -147.39483075]
 [ -99.17586217  -99.45757854  -99.75982723 ... -147.86470424
  -147.85974464 -147.86090004]
 ...
 [ -95.2175194   -95.67355346  -96.0731562  ... -144.37105888
  -144.370618   -144.37015253]
 [ -94.9147938   -95.40477544  -95.87343759 ... -143.96446833
  -143.96498397 -143.96539066]
 [ -94.98479275  -95.5239526   -95.94954149 ... -143.28155616
  -143.27975062 -143.27963327]]",0
"[[ -90.32314049  -91.22349528  -92.14026746 ... -143.46851969
  -143.46916891 -143.46837228]
 [ -90.72931194  -91.57465053  -92.30788015 ... -144.19049439
  -144.18853496 -144.18882551]
 [ -93.84867915  -94.54434091  -95.32744544 ... -146.04983796
  -146.05033833 -146.04984013]
 ...
 [ -89.16026884  -90.02924546  -90.79283131 ... -141.11954004
  -141.11987124 -141.12000161]
 [ -90.75812798  -91.35341702  -91.87826962 ... -140.63903592
  -140.63862884 -140.64077152]
 [ -90.01958184  -90.91138623  -91.69542117 ... -142.02371225
  -142.02544566 -142.02558801]]",1
"[[-100.16325779 -100.39278018 -100.56807324 ... -144.7253389
  -144.72392652 -144.72422058]
 [ -99.53457963  -99.82196452  -99.98011869 ... -144.23904654
  -144.23976727 -144.23981544]
 [-100.95894314 -101.27065475 -101.41466437 ... -145.11728189
  -145.11712372 -145.1169823 ]
 ...
 [ -97.60136968  -97.91556065  -98.03983915 ... -141.94981639
  -141.95027283 -141.94938808]
 [ -96.10494963  -96.22120399  -96.30831974 ... -140.39852709
  -140.39544426 -140.39784909]
 [ -96.34288509  -96.60085818  -96.6757245  ... -141.34890682
  -141.34863463 -141.34943071]]",1
"[[-100.71039497 -100.93043669 -101.08034029 ... -148.27941767
  -148.28080481 -148.28140664]
 [ -99.85795042 -100.10481108 -100.32889598 ... -148.50835519
  -148.50960126 -148.50930634]
 [-104.35415618 -104.67934116 -104.81471304 ... -150.54911559
  -150.54857019 -150.54918332]
 ...
 [ -99.24285694  -99.63252091  -99.80876952 ... -146.71447041
  -146.71489338 -146.71476531]
 [ -96.11443342  -96.50832767  -96.78795547 ... -144.91235212
  -144.90992762 -144.91155483]
 [ -96.17201737  -96.53097699  -96.87184997 ... -145.12102202
  -145.12211135 -145.12315697]]",0
"[[ -97.37218374  -97.67298927  -97.98831538 ... -145.25894027
  -145.25915888 -145.25894726]
 [ -96.4349068   -96.69170673  -96.94524629 ... -144.14180655
  -144.14173935 -144.1436698 ]
 [ -96.99719859  -97.26515458  -97.58586918 ... -145.07674392
  -145.0772886  -145.07955926]
 ...
 [ -94.60500656  -94.91826081  -95.2782284  ... -143.18699003
  -143.18811656 -143.18963754]
 [ -93.77335397  -94.12854744  -94.47375972 ... -143.58950899
  -143.59141389 -143.59335018]
 [ -94.70233457  -94.96275762  -95.1635128  ... -142.90178558
  -142.90162603 -142.90363634]]",1
"[[-101.15269624 -101.27103006 -101.23167946 ... -148.17146033
  -148.1733518  -148.17160829]
 [ -96.79892733  -96.88971134  -96.86430216 ... -143.21281163
  -143.21455469 -143.2137131 ]
 [-100.82228028 -100.86950522 -100.81939738 ... -147.68146279
  -147.6816498  -147.68258748]
 ...
 [ -96.87577174  -97.00590741  -97.03005643 ... -143.13845663
  -143.13854489 -143.13846915]
 [ -94.22691912  -94.25996419  -94.29076219 ... -142.53782939
  -142.53733564 -142.53794253]
 [ -93.22875383  -93.1730495   -93.15206382 ... -139.76299662
  -139.76344123 -139.76348563]]",1
"[[ -96.60578184  -97.14789641  -97.53428971 ... -144.45714685
  -144.4575576  -144.45731509]
 [ -97.78422917  -98.20081588  -98.43337645 ... -145.05840139
  -145.05881126 -145.0584754 ]
 [ -98.04999929  -98.48247827  -98.73789345 ... -144.11499755
  -144.11339999 -144.11343262]
 ...
 [ -95.60818821  -96.22046064  -96.64108735 ... -142.96205394
  -142.962193   -142.96270589]
 [ -93.81470576  -94.42251152  -94.74636982 ... -142.13288857
  -142.13424467 -142.13464877]
 [ -94.85592752  -95.42159629  -95.92721999 ... -142.90542963
  -142.90592712 -142.90654549]]",0
"[[-100.83040829 -100.97883905 -101.14250331 ... -150.52495196
  -150.52927676 -150.53106268]
 [-101.1672904  -101.38430875 -101.61002798 ... -148.74322108
  -148.74317345 -148.74425703]
 [-103.46767466 -103.64282295 -103.84113366 ... -150.95881694
  -150.96021967 -150.9600226 ]
 ...
 [ -99.84806426 -100.03744206 -100.21036442 ... -147.59566088
  -147.59610665 -147.59619159]
 [ -97.65874344  -97.866038    -98.05254057 ... -147.6794142
  -147.67921503 -147.6805373 ]
 [ -98.88058845  -99.06609539  -99.25238756 ... -147.76549331
  -147.76655711 -147.76791154]]",0
"[[ -92.91990296  -93.30777963  -93.77680622 ... -144.08704345
  -144.08664395 -144.08645437]
 [ -93.99365629  -94.47466517  -95.13976876 ... -146.18557264
  -146.18604251 -146.18620178]
 [ -94.72217867  -95.23148828  -95.77654275 ... -145.19115807
  -145.19259887 -145.19252222]
 ...
 [ -90.20462268  -90.74363187  -91.35191355 ... -141.11602543
  -141.11653315 -141.1168167 ]
 [ -91.5672523   -91.92843633  -92.37495825 ... -140.41513043
  -140.41487319 -140.41500622]
 [ -89.28095245  -89.73291397  -90.35382907 ... -139.23611193
  -139.23506433 -139.23507695]]",1
"[[ -94.94190748  -94.71508835  -94.52991654 ... -144.95130645
  -144.95149627 -144.95184741]
 [ -94.32071438  -94.01536922  -93.72674798 ... -144.24295426
  -144.24434881 -144.24470833]
 [ -95.56653076  -95.30511903  -95.08795153 ... -144.81207451
  -144.81169845 -144.81202589]
 ...
 [ -94.2579088   -94.1338288   -94.00633949 ... -143.54835714
  -143.54946968 -143.54915603]
 [ -94.66211685  -94.68340457  -94.69470365 ... -143.31342998
  -143.31304938 -143.31298164]
 [ -94.03011327  -93.95576925  -93.88876999 ... -143.81415783
  -143.81455977 -143.8144228 ]]",0
"[[ -93.37645762  -94.23031455  -94.90688113 ... -144.92986653
  -144.92972623 -144.93033502]
 [ -93.31626141  -94.19259744  -94.91884781 ... -144.7230035
  -144.72288778 -144.72240951]
 [ -95.34137016  -96.01097828  -96.53075378 ... -145.00200976
  -145.00261359 -145.00220431]
 ...
 [ -92.57551042  -93.3149711   -93.868308   ... -141.75893661
  -141.75934167 -141.75900751]
 [ -91.74424965  -92.56423107  -93.15471326 ... -142.55848788
  -142.55946039 -142.56044109]
 [ -91.64759747  -92.4646772   -93.14887187 ... -143.30061369
  -143.30120137 -143.30155096]]",0
"[[ -92.5898251   -93.50621903  -94.27503071 ... -143.27755941
  -143.27699165 -143.27598831]
 [ -93.2691303   -94.13122842  -94.87459157 ... -144.28539279
  -144.28501799 -144.28323081]
 [ -95.19007684  -95.94276416  -96.59367196 ... -146.14844737
  -146.14603574 -146.1450731 ]
 ...
 [ -91.73163205  -92.615037    -93.37056836 ... -142.35061336
  -142.34832129 -142.34652074]
 [ -91.48272948  -92.40549817  -93.06841498 ... -141.78910863
  -141.78960036 -141.7885538 ]
 [ -91.13278485  -91.95505765  -92.63853421 ... -141.37419664
  -141.37551714 -141.38214747]]",0
"[[ -95.90189194  -96.05434479  -96.41941188 ... -147.28919133
  -147.29081388 -147.28940347]
 [ -97.17099696  -97.58633271  -98.39307016 ... -149.25362574
  -149.25515498 -149.25477558]
 [ -95.91080523  -96.36598724  -97.29708146 ... -147.83995252
  -147.84035865 -147.84083087]
 ...
 [ -93.37242508  -93.8826323   -94.90755449 ... -145.71982778
  -145.71970046 -145.71969595]
 [ -94.78695247  -94.95312272  -95.21131828 ... -145.90827775
  -145.91013917 -145.91033719]
 [ -95.37137358  -95.81512166  -96.4095383  ... -146.63493442
  -146.63446337 -146.63407529]]",1
"[[-101.87360067 -101.88883058 -101.75668056 ... -151.44635798
  -151.44482607 -151.44468999]
 [ -96.78978273  -96.63626773  -96.34144672 ... -146.54209008
  -146.53920861 -146.53746347]
 [-101.9707738  -102.00101378 -101.91211523 ... -149.80776872
  -149.80555819 -149.80469946]
 ...
 [ -96.26036153  -96.31478701  -96.22470235 ... -144.32367008
  -144.32380597 -144.32384081]
 [ -94.84740654  -94.84592091  -94.72221816 ... -145.06255497
  -145.06240929 -145.06251292]
 [ -94.88451436  -94.79097387  -94.56849705 ... -145.3818706
  -145.38094439 -145.38048657]]",0
"[[ -90.58667276  -92.11305464  -93.10218834 ... -142.64376435
  -142.64563001 -142.64651716]
 [ -91.23853954  -92.32738936  -93.39771144 ... -144.1635291
  -144.16352202 -144.16297487]
 [ -93.1948804   -94.43385459  -95.42083905 ... -144.86210697
  -144.8620344  -144.86221407]
 ...
 [ -87.77638035  -89.40174846  -90.79707289 ... -141.41522448
  -141.41627439 -141.41702228]
 [ -87.27646919  -89.01156898  -90.05014372 ... -139.2702286
  -139.25357324 -139.27202657]
 [ -87.66675755  -89.07843023  -90.03855469 ... -139.89482027
  -139.89404766 -139.89400444]]",0
"[[ -98.81343855  -99.25769442  -99.59206941 ... -144.77319118
  -144.77199176 -144.77287278]
 [-100.45484474 -100.82190501 -101.1868776  ... -146.34648662
  -146.34705721 -146.34675016]
 [-100.88000592 -101.30932906 -101.65450665 ... -146.09609054
  -146.09524844 -146.09344369]
 ...
 [ -97.79891952  -98.247889    -98.61545387 ... -142.82513634
  -142.82502885 -142.82488836]
 [ -96.31762026  -96.85656095  -97.27720784 ... -141.78476314
  -141.78368828 -141.78281572]
 [ -97.66194301  -98.10508842  -98.43946352 ... -143.41570047
  -143.4157358  -143.41562458]]",1
"[[-100.40605274 -100.89687104 -101.20950502 ... -148.60753833
  -148.60963784 -148.60831822]
 [-102.76752112 -103.30036195 -103.59614113 ... -150.45014407
  -150.4509035  -150.45452487]
 [-103.36972951 -103.80475736 -104.11191473 ... -150.34296108
  -150.34197464 -150.34276945]
 ...
 [ -98.23634925  -98.88810751  -99.2789604  ... -147.09424033
  -147.09398674 -147.09516908]
 [ -97.62298359  -98.22396258  -98.56223951 ... -146.78004928
  -146.77974218 -146.77978851]
 [ -97.31253076  -97.731751    -97.94052804 ... -146.19992643
  -146.20073086 -146.19992574]]",1
"[[ -95.79580468  -95.80672647  -95.78928701 ... -146.79578112
  -146.7997312  -146.7977678 ]
 [ -95.61915273  -95.7877728   -95.75953418 ... -146.64155614
  -146.6406644  -146.64273021]
 [ -97.35853426  -97.41223444  -97.33419744 ... -147.01062926
  -147.01279351 -147.01312203]
 ...
 [ -93.837347    -93.97770859  -93.95433139 ... -144.25286179
  -144.2523271  -144.25354609]
 [ -94.39454373  -94.52072767  -94.58386708 ... -145.28919407
  -145.28890111 -145.2895208 ]
 [ -93.21283398  -93.67195901  -93.87451822 ... -144.59452524
  -144.58940833 -144.59754857]]",0
"[[ -94.00397126  -94.39391662  -94.74495968 ... -141.53603058
  -141.5368355  -141.53670341]
 [ -94.74017317  -95.1372125   -95.60838365 ... -145.6638206
  -145.66303779 -145.66381564]
 [ -96.06861113  -96.43202199  -96.86794143 ... -146.93732508
  -146.93739601 -146.93620332]
 ...
 [ -94.09145883  -94.46244356  -94.9001601  ... -144.99341046
  -144.99485536 -144.99438103]
 [ -92.77600438  -93.28915665  -93.76381228 ... -143.48681893
  -143.48763417 -143.48785059]
 [ -92.70808043  -93.16277826  -93.65912776 ... -143.49381128
  -143.49446859 -143.49469258]]",0
"[[-100.06440705 -100.26856152 -100.34549779 ... -147.60515523
  -147.60307548 -147.60195576]
 [-100.33738905 -100.49492279 -100.59259118 ... -148.18623003
  -148.18622774 -148.18457689]
 [-100.58426726 -100.92330831 -101.19252505 ... -147.93027723
  -147.92986555 -147.92947325]
 ...
 [ -98.06015629  -98.44723796  -98.75389489 ... -145.24268816
  -145.24169846 -145.24143791]
 [ -97.24234644  -97.45988591  -97.56314136 ... -145.37704653
  -145.37321133 -145.37407147]
 [ -97.14384456  -97.3123587   -97.4431178  ... -145.6666969
  -145.66488866 -145.66341663]]",1
"[[ -91.25020578  -91.67935475  -92.15178838 ... -143.71532604
  -143.7187892  -143.7175164 ]
 [ -91.45812952  -92.21203161  -92.75142182 ... -142.41542226
  -142.41730583 -142.41714651]
 [ -90.56012762  -90.88807237  -91.29732657 ... -141.6679599
  -141.66901615 -141.66841086]
 ...
 [ -88.56334376  -89.19319131  -89.80883978 ... -138.94992357
  -138.95132079 -138.95064689]
 [ -90.573686    -91.3241352   -91.88786881 ... -141.75996048
  -141.75840495 -141.75859774]
 [ -89.90821807  -90.7387745   -91.39167832 ... -140.9579402
  -140.95985915 -140.9602761 ]]",0
"[[ -93.94333506  -95.35860253  -95.97452919 ... -146.19666495
  -146.19710701 -146.1970726 ]
 [ -95.36086047  -96.49263464  -96.95544795 ... -147.1771048
  -147.17724857 -147.1783167 ]
 [ -98.00175409  -98.93181982  -99.22529952 ... -148.28336245
  -148.28341536 -148.28306526]
 ...
 [ -94.19072778  -95.52129703  -95.98840463 ... -145.70822876
  -145.70954835 -145.70896849]
 [ -94.05555728  -94.72773738  -95.11084847 ... -144.63736997
  -144.63769251 -144.6373536 ]
 [ -94.59843792  -95.30795642  -95.68101331 ... -144.49881379
  -144.49929246 -144.49960681]]",0
"[[ -96.08086953  -96.88044718  -97.34389163 ... -144.40290884
  -144.40229874 -144.40182584]
 [ -94.27741972  -95.01465474  -95.53604469 ... -143.1356728
  -143.13661737 -143.13685063]
 [ -96.92036747  -97.53550949  -97.90000407 ... -144.70921676
  -144.70798609 -144.70718914]
 ...
 [ -94.35202056  -95.09907679  -95.49078902 ... -141.94268188
  -141.94312501 -141.94319292]
 [ -93.67715629  -94.46410809  -94.78555404 ... -141.19977352
  -141.20459551 -141.20514086]
 [ -92.72853814  -93.40744612  -93.88256097 ... -140.57249391
  -140.57499392 -140.57841709]]",1
"[[ -89.54257014  -90.07730823  -90.03144952 ... -141.58800711
  -141.58912974 -141.58931289]
 [ -89.33964217  -89.97121047  -90.15619964 ... -141.49405705
  -141.49587563 -141.49577948]
 [ -89.77837773  -90.41297829  -90.3692276  ... -141.76372449
  -141.76397575 -141.76466747]
 ...
 [ -88.74332263  -89.3860902   -89.49627261 ... -140.20050146
  -140.2019837  -140.20205474]
 [ -89.11491426  -89.5890554   -89.56351446 ... -141.0378505
  -141.04645808 -141.04515566]
 [ -88.49024752  -88.99365331  -89.198415   ... -139.65415575
  -139.65510586 -139.65468626]]",0
"[[ -89.63196187  -90.20581856  -90.82843291 ... -144.23159863
  -144.23227022 -144.23296972]
 [ -90.2763698   -91.18677987  -91.83275329 ... -142.7353231
  -142.73533332 -142.7362221 ]
 [ -92.50531784  -93.38302848  -93.97058671 ... -144.98474247
  -144.98857191 -144.9903753 ]
 ...
 [ -89.31959318  -90.46756178  -91.19317276 ... -141.01417122
  -141.01159209 -141.01444809]
 [ -88.86781362  -89.62872347  -90.21735177 ... -141.57265906
  -141.5745244  -141.57365629]
 [ -89.08374927  -90.06476033  -90.8025156  ... -140.2244671
  -140.22590875 -140.22454542]]",1
"[[ -93.46019014  -93.70026544  -93.82073071 ... -144.16845446
  -144.16954563 -144.16931798]
 [ -93.04003291  -93.29498844  -93.47196138 ... -143.86292859
  -143.86419167 -143.86712321]
 [ -93.51115654  -93.75551915  -93.97919789 ... -143.17314246
  -143.17392371 -143.17432801]
 ...
 [ -91.87632037  -92.28951584  -92.64065677 ... -141.90321105
  -141.90309834 -141.90716974]
 [ -92.07471499  -92.32808178  -92.56633042 ... -144.01482028
  -144.01586021 -144.01624579]
 [ -90.94757814  -91.32678656  -91.65655751 ... -142.37601601
  -142.37534735 -142.37510474]]",0
"[[-100.000729   -100.35884883 -100.61852568 ... -147.99488258
  -147.99526489 -147.99982533]
 [-101.61861195 -101.93620969 -102.24001385 ... -148.48387939
  -148.48410776 -148.48460995]
 [-100.67309346 -101.0134527  -101.24799366 ... -147.50158046
  -147.50265093 -147.50531439]
 ...
 [ -98.49571207  -98.88419809  -99.20080194 ... -146.34889303
  -146.34792227 -146.35106529]
 [ -98.22361349  -98.54667498  -98.78567539 ... -146.74852246
  -146.74661665 -146.75205177]
 [ -99.25877066  -99.61266367  -99.89554921 ... -146.49007467
  -146.48934572 -146.49015145]]",0
"[[ -93.32982594  -93.4272234   -93.64636162 ... -145.4639545
  -145.46310648 -145.46636886]
 [ -95.26237528  -95.30100537  -95.37543148 ... -146.5541795
  -146.55468326 -146.55567221]
 [ -97.6699087   -97.65761349  -97.60247187 ... -147.53652184
  -147.53561555 -147.53867101]
 ...
 [ -94.9414451   -95.00778194  -95.06422752 ... -144.70730035
  -144.70743766 -144.70912957]
 [ -92.23203539  -92.32860496  -92.40834313 ... -142.17718392
  -142.17694383 -142.18002589]
 [ -92.33148971  -92.28112456  -92.25381915 ... -143.12399146
  -143.12315774 -143.12542036]]",1
"[[ -95.60264861  -95.98029462  -96.26878369 ... -140.90788382
  -140.90988373 -140.9087678 ]
 [ -95.98084712  -96.32245021  -96.67479264 ... -140.66994046
  -140.69525293 -140.70330542]
 [ -95.61434745  -95.74757443  -95.85307366 ... -140.14125688
  -140.13833439 -140.14015214]
 ...
 [ -94.31784503  -94.48201476  -94.63016406 ... -137.70778168
  -137.70851981 -137.70836918]
 [ -92.53513696  -93.16723725  -93.44859541 ... -137.03022527
  -137.03117582 -137.03553479]
 [ -93.15152728  -93.31056191  -93.81422768 ... -137.95455025
  -137.95796798 -137.95083396]]",1
"[[ -92.72958244  -93.30451256  -93.74259153 ... -140.80362315
  -140.79890686 -140.80109397]
 [ -92.47187117  -93.20904122  -93.58165138 ... -140.97599498
  -140.97620468 -140.9754502 ]
 [ -93.05681597  -93.67835479  -94.06989748 ... -141.50096362
  -141.50102489 -141.501666  ]
 ...
 [ -98.91180733  -99.51898795  -99.91567264 ... -146.4341459
  -146.43453561 -146.43449906]
 [ -92.12083001  -92.75240281  -93.22042463 ... -139.5758714
  -139.5739956  -139.57699891]
 [ -93.12273881  -93.72116876  -93.89511711 ... -140.30277196
  -140.30390029 -140.30502307]]",1
"[[ -94.15109095  -94.95547275  -95.54296179 ... -145.3318309
  -145.33161012 -145.33112423]
 [ -92.67669127  -93.49561822  -94.23773728 ... -144.34475451
  -144.3451828  -144.34453992]
 [ -93.89642751  -94.59383264  -95.11564346 ... -144.72351894
  -144.72344012 -144.7234203 ]
 ...
 [ -91.82832165  -92.71018213  -93.2865798  ... -142.75010192
  -142.7507309  -142.75068008]
 [ -92.14231282  -92.84072735  -93.32498475 ... -143.13596492
  -143.1352932  -143.13523692]
 [ -92.65545032  -93.47222212  -94.14155247 ... -144.42795534
  -144.42789547 -144.42913908]]",1
"[[ -89.01794971  -89.94238898  -90.65326684 ... -142.51601025
  -142.51522551 -142.51571497]
 [ -88.61544014  -89.39630458  -89.7870581  ... -142.37428826
  -142.37374537 -142.37281361]
 [ -88.69989351  -89.20471744  -89.68425117 ... -142.20339763
  -142.20435347 -142.20383959]
 ...
 [ -85.95352644  -86.62399181  -87.16427892 ... -139.92895595
  -139.92873571 -139.92867875]
 [ -87.59708706  -88.46856722  -89.28434333 ... -138.67612408
  -138.67719681 -138.67712785]
 [ -86.97762389  -87.70529226  -88.21410233 ... -138.73808391
  -138.73595477 -138.73754632]]",0
"[[ -96.45320029  -96.73541391  -96.92571631 ... -147.09544773
  -147.10446879 -147.10221037]
 [ -96.07657048  -96.68238517  -97.10354747 ... -147.25975125
  -147.25496404 -147.25503954]
 [ -97.40181369  -98.13538764  -98.55396638 ... -147.02351332
  -147.02718582 -147.02548932]
 ...
 [ -94.46066344  -95.24442518  -95.77297214 ... -144.40911755
  -144.41068712 -144.41046165]
 [ -93.39484423  -93.99523874  -94.39064242 ... -144.24164375
  -144.24465634 -144.24877101]
 [ -93.88577601  -94.58134094  -95.17123251 ... -143.68510693
  -143.68740663 -143.68616152]]",0
"[[ -97.55378635  -98.27262444  -98.88244102 ... -142.05410249
  -142.05361969 -142.05390803]
 [ -97.47152577  -98.20481094  -98.79237134 ... -141.93225705
  -141.93252868 -141.93231129]
 [ -95.88736829  -96.56948844  -97.20514166 ... -141.55968413
  -141.55904836 -141.55898818]
 ...
 [ -94.10918146  -94.76070841  -95.36519752 ... -139.94077399
  -139.94067026 -139.94080903]
 [ -94.72670195  -95.4548382   -96.0710024  ... -138.96863009
  -138.96884519 -138.96916091]
 [ -95.26789663  -95.82038257  -96.35458765 ... -139.97787148
  -139.97764404 -139.97799798]]",1
"[[ -90.37497109  -91.52514343  -92.75334527 ... -141.94536877
  -141.94557284 -141.94604707]
 [ -89.71051646  -90.7400526   -91.56467363 ... -138.03213632
  -138.03140301 -138.03141754]
 [ -91.94726379  -92.96770824  -93.80030574 ... -142.74722567
  -142.74808159 -142.74800973]
 ...
 [ -88.79287046  -89.94080802  -91.04428051 ... -140.85752354
  -140.85769518 -140.85841258]
 [ -88.43117686  -89.58284723  -90.84997041 ... -140.90825231
  -140.90933242 -140.90956345]
 [ -89.19590796  -90.17218758  -91.11722254 ... -139.97992474
  -139.97921758 -139.9794858 ]]",1
"[[ -95.98819393  -96.71749276  -97.25506263 ... -138.34207064
  -138.34031404 -138.33917398]
 [ -99.81079389 -100.5310614  -101.08798908 ... -148.41310238
  -148.41322056 -148.41379728]
 [-100.29691165 -101.09545653 -101.67907119 ... -148.79531338
  -148.79811788 -148.79940816]
 ...
 [ -96.17975751  -97.32656394  -98.23515915 ... -145.49762387
  -145.49822159 -145.49928584]
 [ -95.6854514   -96.63582336  -97.38196892 ... -145.01667847
  -145.01750128 -145.01845155]
 [ -96.06121308  -96.8490524   -97.43667118 ... -146.04123618
  -146.04274774 -146.04332619]]",1
"[[ -91.99658888  -92.34552931  -92.66982138 ... -144.25419748
  -144.2558438  -144.25689674]
 [ -93.85440588  -94.19990185  -94.49112253 ... -144.56251384
  -144.56167446 -144.56239385]
 [ -94.78164052  -95.06084371  -95.30644221 ... -146.28696517
  -146.28591248 -146.2854637 ]
 ...
 [ -92.13882613  -92.49716718  -92.79076877 ... -142.51744071
  -142.51775107 -142.51769118]
 [ -91.44287773  -91.61956058  -91.86849015 ... -140.78205373
  -140.78212765 -140.78355177]
 [ -91.42024707  -91.70102658  -91.93532422 ... -139.78902329
  -139.78791007 -139.78878595]]",1
"[[ -89.34083005  -88.77387847  -88.20624416 ... -140.02050169
  -140.02351429 -140.02420053]
 [ -90.03739493  -89.22370617  -88.61029657 ... -143.21641507
  -143.21851413 -143.22198865]
 [ -90.48664517  -89.7981265   -89.41777212 ... -143.28779093
  -143.28830053 -143.28980807]
 ...
 [ -86.81948582  -86.63085431  -86.26763226 ... -141.43481922
  -141.43503606 -141.43427644]
 [ -89.18803164  -88.97412612  -88.72740477 ... -142.6000976
  -142.59688287 -142.60152353]
 [ -88.14528727  -87.58841084  -87.19694375 ... -140.6115262
  -140.67482698 -140.70995597]]",1
"[[ -94.58857593  -95.42560167  -96.02206613 ... -146.76225203
  -146.76550016 -146.77192231]
 [ -94.46905588  -95.44106179  -96.23912889 ... -146.67999509
  -146.68050271 -146.68112119]
 [ -98.47063344  -99.25563483  -99.86036537 ... -151.50067874
  -151.5029293  -151.50324537]
 ...
 [ -93.1566937   -94.06799102  -94.71984979 ... -145.56556572
  -145.56682753 -145.56698314]
 [ -91.5895876   -92.27340281  -92.81107546 ... -143.15927326
  -143.16353174 -143.1633521 ]
 [ -91.11283679  -92.03553979  -92.7497073  ... -142.02778257
  -142.02785421 -142.0278892 ]]",1
"[[ -94.84418729  -95.27186138  -95.58789431 ... -144.51641495
  -144.5190717  -144.52175373]
 [ -94.02995196  -94.32007429  -94.68284826 ... -143.69118312
  -143.69593772 -143.7012574 ]
 [ -96.21853586  -96.5586119   -96.85318389 ... -145.93130776
  -145.93852795 -145.94648441]
 ...
 [ -93.53850253  -93.9174954   -94.26446076 ... -144.11794769
  -144.12251157 -144.12596466]
 [ -91.95239418  -92.34836501  -92.7283298  ... -140.57864995
  -140.5777568  -140.57786182]
 [ -92.51458517  -92.89967626  -93.33090677 ... -140.87105701
  -140.87698842 -140.88478005]]",1
"[[ -95.62832272  -96.05587494  -96.55868953 ... -147.23657331
  -147.23356244 -147.23274812]
 [ -92.92468385  -93.57135337  -94.38462638 ... -145.79710256
  -145.79585414 -145.79626887]
 [ -94.73751343  -95.19530688  -95.81182852 ... -145.3046043
  -145.30294608 -145.30394652]
 ...
 [ -92.05559036  -92.60488042  -93.25360464 ... -143.94810988
  -143.94873082 -143.94865414]
 [ -92.3097123   -92.83377163  -93.47664204 ... -144.31313576
  -144.31351051 -144.31300319]
 [ -91.20688114  -91.76218521  -92.4811553  ... -143.93960229
  -143.93886405 -143.93557977]]",0
"[[ -92.21129796  -92.91308773  -93.41214312 ... -143.42503638
  -143.42714019 -143.42619012]
 [ -93.7748011   -94.39019184  -94.84916266 ... -144.78062962
  -144.78232045 -144.78249371]
 [ -93.8053428   -94.75819907  -95.34158127 ... -144.52314249
  -144.5243697  -144.52294719]
 ...
 [ -91.98371629  -93.01891455  -93.65525034 ... -143.14214324
  -143.14318677 -143.14261437]
 [ -92.06754323  -92.63609285  -93.03443784 ... -142.84888398
  -142.85005893 -142.8493544 ]
 [ -92.64717395  -93.14484131  -93.49056326 ... -143.51490749
  -143.51671883 -143.51772272]]",1
"[[ -99.9422792  -100.34260987 -100.6790199  ... -146.77497439
  -146.77359127 -146.77288302]
 [ -99.72777045 -100.17763027 -100.3435139  ... -147.44945995
  -147.44817062 -147.44767907]
 [-100.90876535 -101.40625242 -101.65115489 ... -148.04873929
  -148.04673049 -148.04678692]
 ...
 [ -97.42509507  -98.00376637  -98.32055831 ... -144.80086886
  -144.79992605 -144.80010068]
 [ -96.60233206  -96.97412322  -97.35487092 ... -145.57579515
  -145.57529338 -145.57496543]
 [ -96.00034979  -96.4937431   -96.79162123 ... -145.50582457
  -145.50621949 -145.50558957]]",0
"[[ -94.79860323  -95.28461117  -95.71116839 ... -141.55232053
  -141.55285012 -141.55214011]
 [ -95.34753814  -95.83920754  -96.28796335 ... -141.88250673
  -141.88307747 -141.88257255]
 [ -94.52873352  -94.9695814   -95.44094864 ... -141.68225117
  -141.68278728 -141.68283011]
 ...
 [ -93.30733062  -93.62646905  -93.98011475 ... -138.89628093
  -138.89701601 -138.89752168]
 [ -93.48190019  -93.88011974  -93.97280895 ... -139.15060502
  -139.15054725 -139.14951082]
 [ -94.29684693  -94.6795587   -94.93588042 ... -140.61664793
  -140.615608   -140.61478004]]",1
"[[ -94.19149902  -94.71470585  -95.23308788 ... -143.59641179
  -143.59760098 -143.59732048]
 [ -94.26148478  -94.72907646  -95.12809972 ... -142.67121448
  -142.67763677 -142.68764188]
 [ -95.45926093  -95.78924677  -96.20206594 ... -143.85138105
  -143.85733756 -143.86735269]
 ...
 [ -92.40007666  -93.06302259  -93.65792499 ... -141.25422031
  -141.26177332 -141.27010276]
 [ -91.57967203  -92.22125085  -92.69310828 ... -141.0354597
  -141.03420572 -141.03457121]
 [ -91.97832494  -92.70467131  -93.22099016 ... -140.25594707
  -140.2551413  -140.25469559]]",1
"[[-101.26260519 -101.58650316 -101.9442152  ... -143.48761548
  -143.48890013 -143.49025419]
 [ -99.70388718 -100.16200055 -100.58395962 ... -145.22746441
  -145.22929853 -145.23078253]
 [-101.03305363 -101.34249806 -101.65802456 ... -144.7445203
  -144.7470177  -144.74899903]
 ...
 [-100.09955059 -100.44922141 -100.72386943 ... -144.13409869
  -144.1361775  -144.1374146 ]
 [ -98.3065251   -98.6740743   -99.02173831 ... -141.05711174
  -141.05801016 -141.05910425]
 [ -96.55172865  -96.93626146  -97.34239536 ... -142.22960772
  -142.23119356 -142.23259854]]",0
"[[ -93.79967539  -93.9078608   -94.07646665 ... -144.83866994
  -144.83916595 -144.83877092]
 [ -93.61045785  -93.66800498  -93.74484772 ... -145.28615563
  -145.2862567  -145.28600186]
 [ -96.18104858  -96.51891509  -96.7801708  ... -145.84622665
  -145.84739305 -145.84771503]
 ...
 [ -93.36559321  -93.65259572  -93.85413797 ... -144.66578853
  -144.66581977 -144.66623255]
 [ -92.50912642  -92.57558243  -92.67110843 ... -143.87401216
  -143.87461701 -143.87514563]
 [ -92.31677875  -92.49680244  -92.54981256 ... -143.88576214
  -143.88676722 -143.88590672]]",1
"[[ -97.86417634  -99.2720576  -100.09159001 ... -147.36009657
  -147.36199895 -147.36665689]
 [ -97.14255203  -98.4846182   -99.23068698 ... -145.77869126
  -145.78059254 -145.78405997]
 [ -98.32845711  -99.80842599 -100.68454972 ... -147.28626642
  -147.28601262 -147.29029685]
 ...
 [ -93.90861242  -96.19000912  -97.59701803 ... -144.96023054
  -144.96148117 -144.96535172]
 [ -94.54875945  -95.83530497  -96.55175083 ... -145.42585569
  -145.42685411 -145.42932989]
 [ -94.48752246  -95.69690378  -96.39016943 ... -145.52025125
  -145.52004621 -145.52073198]]",0
"[[ -94.3958561   -94.84908415  -95.19198775 ... -146.40724489
  -146.40892558 -146.40822233]
 [ -93.37024253  -93.83055523  -94.1633692  ... -144.8194699
  -144.8198847  -144.81942398]
 [ -96.2185452   -96.59635849  -96.95606417 ... -146.84796235
  -146.84827455 -146.84815634]
 ...
 [ -91.45832938  -92.01705773  -92.49369186 ... -141.87899801
  -141.87939709 -141.87923411]
 [ -93.82918061  -94.44622096  -94.84862583 ... -144.4449382
  -144.4459841  -144.44591493]
 [ -92.96747297  -93.53088026  -93.91631287 ... -142.69227853
  -142.69207555 -142.69245368]]",1
"[[ -95.8414618   -96.43011436  -96.87189133 ... -144.6467302
  -144.64674062 -144.64736655]
 [ -95.04853022  -95.70725378  -96.17906298 ... -142.89480466
  -142.89604736 -142.89569267]
 [ -96.72297869  -97.22893798  -97.69230323 ... -144.4776285
  -144.47988954 -144.48027074]
 ...
 [ -94.86184101  -95.48453812  -95.98173355 ... -142.07405633
  -142.07382209 -142.0740252 ]
 [ -94.35091452  -94.94906006  -95.40685549 ... -142.24507413
  -142.24555487 -142.24521761]
 [ -94.04762667  -94.72599692  -95.18421914 ... -141.85286109
  -141.85197898 -141.85251062]]",1
"[[ -96.34258805  -96.83915392  -97.19474396 ... -145.43038819
  -145.43248418 -145.43246784]
 [ -94.98842451  -95.49041206  -95.92361498 ... -144.77212966
  -144.77255357 -144.77307524]
 [ -98.22445522  -98.63123202  -98.99332232 ... -145.94115619
  -145.94198412 -145.94171574]
 ...
 [ -93.76014623  -94.43232105  -94.94617331 ... -143.39277817
  -143.39296101 -143.39255556]
 [ -93.44762062  -94.13105965  -94.68611578 ... -143.33737842
  -143.33827659 -143.33738382]
 [ -94.49364006  -94.97272902  -95.36530785 ... -144.11076212
  -144.11050709 -144.11151178]]",0
"[[ -93.48004788  -93.98420457  -94.26642737 ... -144.78419484
  -144.78182603 -144.78038683]
 [ -95.07297312  -95.38038591  -95.49578927 ... -146.23437723
  -146.23253898 -146.23102424]
 [ -95.80638859  -96.06853102  -96.2325079  ... -145.40607944
  -145.40445223 -145.40324532]
 ...
 [ -92.10953754  -92.62355594  -93.00284616 ... -141.48895924
  -141.48973363 -141.48993428]
 [ -90.35860557  -90.97738203  -91.34624264 ... -143.80995906
  -143.80815397 -143.80765131]
 [ -92.16895541  -92.5861307   -92.75426807 ... -143.929215
  -143.93270837 -143.93453848]]",0
"[[ -93.80249852  -94.22446751  -94.63523507 ... -141.40847628
  -141.40809559 -141.4089949 ]
 [ -93.91524938  -94.36718466  -94.85211387 ... -141.94852814
  -141.94716004 -141.94798207]
 [ -94.24770349  -94.60711969  -94.95460591 ... -141.60939391
  -141.60952277 -141.6097678 ]
 ...
 [ -91.67114864  -92.16247853  -92.49272942 ... -139.80281553
  -139.8007301  -139.80141347]
 [ -93.47941336  -93.91692366  -94.41960924 ... -140.89435221
  -140.8924412  -140.89279153]
 [ -92.98423063  -93.22372019  -93.48903131 ... -141.05888094
  -141.05790458 -141.05846883]]",1
"[[-105.11578622 -105.34978128 -105.61454101 ... -152.6237757
  -152.60672841 -152.60021025]
 [-105.0403378  -105.23066547 -105.4701887  ... -152.09099635
  -152.11777491 -152.12330765]
 [-105.13791116 -105.31707666 -105.52966551 ... -151.55213616
  -151.545685   -151.53282763]
 ...
 [-103.7990781  -104.01605202 -104.26055534 ... -151.0378058
  -151.03571591 -151.0268961 ]
 [-102.86275613 -103.10197245 -103.3922606  ... -149.86827024
  -149.8385413  -149.82986619]
 [-103.76652484 -103.96219136 -104.18506087 ... -151.20767613
  -151.19697422 -151.18890466]]",0
"[[ -95.50866666  -96.22547175  -96.51077096 ... -145.32492787
  -145.32487296 -145.32460866]
 [ -95.02234438  -95.83365869  -96.28677491 ... -144.47347977
  -144.4743034  -144.47424762]
 [ -96.23874134  -97.01566981  -97.35674524 ... -145.67181632
  -145.66725083 -145.6680874 ]
 ...
 [ -93.07670344  -94.0719143   -94.50155906 ... -142.71018404
  -142.71084902 -142.71130429]
 [ -93.03499465  -93.81442545  -94.20181181 ... -143.68313185
  -143.6843806  -143.68433822]
 [ -93.01825108  -93.74938229  -94.09989253 ... -140.91309922
  -140.91303363 -140.91269689]]",0
"[[ -94.81348856  -95.49223615  -96.0297735  ... -145.90567724
  -145.90692463 -145.90684843]
 [ -94.69770747  -95.35657021  -95.83079977 ... -146.10949296
  -146.10822275 -146.10746057]
 [ -96.23106698  -96.76796317  -97.2223023  ... -146.93749664
  -146.93620221 -146.9348375 ]
 ...
 [ -94.38802202  -95.02272559  -95.51512532 ... -144.69257171
  -144.69262696 -144.69176222]
 [ -94.56727441  -95.09972997  -95.4750501  ... -143.6653526
  -143.66298872 -143.66252364]
 [ -94.57771136  -95.04066415  -95.34461193 ... -144.57590196
  -144.57510121 -144.57477468]]",1
"[[ -96.59656418  -97.0908698   -97.59452856 ... -140.41706589
  -140.41800686 -140.41834884]
 [ -97.02186623  -97.17280231  -97.33096717 ... -142.10621534
  -142.10777244 -142.10769116]
 [ -96.28945835  -96.80189743  -97.49507112 ... -141.40011478
  -141.39907435 -141.39936705]
 ...
 [ -94.46988414  -94.91547255  -95.5866201  ... -137.859211
  -137.85913966 -137.85912891]
 [ -96.40586645  -96.91310198  -97.34687019 ... -140.31341054
  -140.31425771 -140.31451625]
 [ -95.81166798  -96.21087519  -96.48345256 ... -142.19479103
  -142.19470757 -142.19433708]]",1
"[[ -97.19537517  -97.69451491  -98.1141623  ... -146.10217125
  -146.10401494 -146.10432298]
 [ -98.5032532   -98.91326481  -99.31822733 ... -147.38039597
  -147.38043287 -147.3812232 ]
 [ -98.93297311  -99.27597471  -99.58548896 ... -147.48893924
  -147.49020361 -147.48995281]
 ...
 [ -96.06368355  -96.42280319  -96.73469484 ... -144.18758092
  -144.18666096 -144.18887471]
 [ -94.03098926  -94.53292432  -95.06377278 ... -141.17498502
  -141.17559132 -141.17516124]
 [ -94.35622462  -94.83186636  -95.32554521 ... -141.14275587
  -141.14408292 -141.14349163]]",1
"[[ -92.6343529   -93.3024552   -93.94890623 ... -141.93350106
  -141.93365467 -141.93356363]
 [ -93.05972854  -93.73461826  -94.35132853 ... -141.94296016
  -141.94235837 -141.94323837]
 [ -93.7237424   -94.21110146  -94.77341461 ... -141.59812478
  -141.59857989 -141.5980179 ]
 ...
 [ -92.91372048  -93.45599676  -94.00866225 ... -140.90304573
  -140.90406852 -140.90384847]
 [ -92.00796896  -92.48968882  -92.89787693 ... -139.951004
  -139.95225231 -139.95232272]
 [ -91.67689613  -92.20855282  -92.61621793 ... -140.43568712
  -140.43374193 -140.43577722]]",0
"[[ -95.9976856   -96.44073477  -96.91101557 ... -142.45820541
  -142.45754442 -142.45798754]
 [ -97.46065852  -98.01533895  -98.35893612 ... -141.61133953
  -141.6106702  -141.60839976]
 [ -98.27385842  -98.75423947  -99.10286449 ... -143.30655119
  -143.30645703 -143.30579134]
 ...
 [ -96.00290147  -96.60345705  -97.00649664 ... -139.96204418
  -139.96187007 -139.96074044]
 [ -94.06506793  -94.54115465  -95.13035344 ... -140.19649476
  -140.19769997 -140.19702584]
 [ -95.85833695  -96.41401742  -96.77955911 ... -140.90415757
  -140.90461131 -140.90490856]]",1
"[[ -96.35523062  -96.66649406  -96.97234738 ... -145.35147641
  -145.34831083 -145.34703401]
 [ -96.01073515  -96.38342209  -96.73989954 ... -144.50200384
  -144.50054376 -144.49903978]
 [ -97.78018201  -98.08404406  -98.43109441 ... -145.74301801
  -145.74027074 -145.73944902]
 ...
 [ -95.21398484  -95.54657997  -95.93655742 ... -143.85657605
  -143.85461644 -143.85365203]
 [ -94.6488152   -94.97118187  -95.29086762 ... -143.90276518
  -143.90106655 -143.89936172]
 [ -95.11012345  -95.42302613  -95.74878828 ... -143.16518925
  -143.16361464 -143.16249478]]",0
"[[ -93.47710875  -93.83056595  -94.1979152  ... -143.85617583
  -143.85479209 -143.85583019]
 [ -95.0038265   -95.4295948   -95.96011624 ... -144.02888066
  -144.02605416 -144.02741105]
 [ -96.44692706  -96.6930475   -97.03349366 ... -144.39121147
  -144.39161907 -144.39389497]
 ...
 [ -94.10177663  -94.57215906  -95.15623481 ... -142.60245708
  -142.60014008 -142.60050036]
 [ -93.49921607  -94.0241337   -94.43302264 ... -142.89871074
  -142.89928252 -142.89875845]
 [ -94.600731    -95.1424053   -95.68494232 ... -143.02590339
  -143.02474322 -143.02508503]]",1
"[[ -91.65134354  -92.1246143   -92.61395304 ... -144.88697442
  -144.88760622 -144.88862585]
 [ -92.36325278  -92.74224186  -93.19418547 ... -143.80927016
  -143.80871967 -143.8066152 ]
 [ -93.35761356  -93.67835662  -94.04147388 ... -144.71202473
  -144.71125533 -144.71057916]
 ...
 [ -91.06255028  -91.3820637   -91.77179053 ... -143.23166357
  -143.23061236 -143.23145292]
 [ -91.46657109  -91.89630851  -92.32741325 ... -143.65501236
  -143.6602081  -143.66516963]
 [ -91.86628204  -92.26204975  -92.66961693 ... -143.28881576
  -143.28896302 -143.28885979]]",0
"[[ -92.55580043  -92.75877147  -93.03053638 ... -143.82940877
  -143.82702494 -143.82940501]
 [ -90.05257854  -90.31536408  -90.47660555 ... -141.52670737
  -141.52830007 -141.52781879]
 [ -92.3606699   -92.54427859  -92.73684687 ... -142.58451554
  -142.58297887 -142.58336657]
 ...
 [ -89.74904018  -90.25304458  -90.67084655 ... -140.41539669
  -140.41588644 -140.41611798]
 [ -89.87558463  -90.31564288  -90.63551182 ... -141.71314341
  -141.71437632 -141.71376508]
 [ -88.83929482  -89.14231371  -89.33095786 ... -141.25355849
  -141.25294272 -141.25323906]]",1
"[[ -92.91408351  -93.12881908  -93.30284047 ... -143.21711113
  -143.21714074 -143.21637016]
 [ -93.20337825  -93.44357427  -93.64612501 ... -143.07031953
  -143.07070454 -143.07060774]
 [ -93.8609682   -94.01693596  -94.14138852 ... -143.12337378
  -143.1218234  -143.12277883]
 ...
 [ -91.19906908  -91.43989793  -91.59725323 ... -141.0016356
  -141.00199218 -141.00195934]
 [ -91.06177779  -91.44257434  -91.74966875 ... -142.29780972
  -142.29763523 -142.29782836]
 [ -91.5518829   -91.93809899  -92.3439513  ... -141.68799772
  -141.68742112 -141.68806301]]",0
"[[ -91.43684097  -92.52483952  -93.4675092  ... -142.61682859
  -142.61171568 -142.61469355]
 [ -90.48880144  -91.68870888  -92.75096145 ... -142.01973114
  -142.01396606 -142.01669297]
 [ -91.76144618  -92.74548061  -93.6769661  ... -143.3820446
  -143.37858413 -143.37986996]
 ...
 [ -89.53498431  -90.64489911  -91.68639733 ... -140.83370939
  -140.82764534 -140.83100144]
 [ -89.91977508  -91.06082614  -92.00542164 ... -142.03021116
  -142.02752542 -142.02885225]
 [ -90.38589735  -91.58422465  -92.62185037 ... -142.02548065
  -142.02150383 -142.0237158 ]]",0
"[[ -90.1269339   -91.09157321  -92.83529755 ... -145.0697154
  -145.07031163 -145.07077123]
 [ -88.44638513  -89.80008439  -92.29188576 ... -143.33029717
  -143.3327538  -143.33409864]
 [ -88.97541245  -90.38536994  -92.72039657 ... -144.262029
  -144.26190839 -144.26197652]
 ...
 [ -87.6281914   -89.05229872  -91.09319213 ... -142.90198231
  -142.90306349 -142.90269755]
 [ -88.45577195  -89.55811988  -91.25448927 ... -143.74341164
  -143.74417738 -143.7443015 ]
 [ -87.66439918  -89.26836208  -91.33870039 ... -143.11062127
  -143.1108557  -143.1119442 ]]",1
"[[ -97.50520694  -97.83548442  -98.24388    ... -144.7911777
  -144.79275534 -144.79440995]
 [ -97.3032232   -97.85250336  -98.26925483 ... -144.60681953
  -144.60627583 -144.60830622]
 [ -97.83662276  -98.28907897  -98.79836158 ... -144.63216852
  -144.63345729 -144.63574153]
 ...
 [ -95.47729057  -96.08279587  -96.56144478 ... -141.74684598
  -141.74636043 -141.74378736]
 [ -95.70553316  -96.08698087  -96.52625491 ... -143.80504576
  -143.80513784 -143.80249488]
 [ -94.79198085  -95.43317977  -95.86637484 ... -142.58645376
  -142.58622126 -142.58589114]]",1
"[[ -94.43458553  -94.93123307  -95.44418424 ... -143.13573221
  -143.1296021  -143.12662169]
 [ -94.23239539  -94.57508514  -94.94980011 ... -143.02948687
  -143.02459438 -143.02188225]
 [ -95.108121    -95.45886775  -95.97436467 ... -144.04187662
  -144.03833397 -144.03587334]
 ...
 [ -91.98384194  -92.29816993  -92.77266275 ... -140.62140323
  -140.61478229 -140.61137906]
 [ -92.28560812  -92.77033301  -93.06113822 ... -140.79909538
  -140.80224222 -140.80278803]
 [ -91.40227868  -91.83580614  -92.18936592 ... -139.25943315
  -139.25420823 -139.25279415]]",0
"[[ -98.13013229  -98.56009026  -98.95026044 ... -144.12339111
  -144.12330229 -144.12492612]
 [ -97.79391581  -98.22295837  -98.67835443 ... -143.18088442
  -143.18064036 -143.18165317]
 [-100.21587788 -100.69187131 -101.12339845 ... -144.75811497
  -144.75898327 -144.75918371]
 ...
 [ -96.09385892  -96.83297136  -97.4648959  ... -140.73296432
  -140.73481625 -140.73514697]
 [ -94.62989288  -94.95978888  -95.25358358 ... -140.56625989
  -140.56722961 -140.56781262]
 [ -94.73617212  -95.09059718  -95.33205192 ... -140.6761718
  -140.6746937  -140.67534031]]",1
"[[ -96.62656904  -96.94436811  -97.42065712 ... -144.02105089
  -144.0217462  -144.0200719 ]
 [ -96.54398417  -96.8709691   -97.32086888 ... -145.52839226
  -145.52784871 -145.52833958]
 [ -96.63022101  -96.73055617  -97.01132657 ... -143.39049399
  -143.39200503 -143.39159941]
 ...
 [ -94.61808188  -94.9145667   -95.38653889 ... -140.07146485
  -140.07229333 -140.07171183]
 [ -92.517395    -92.86813146  -93.31230132 ... -139.57515379
  -139.57641738 -139.57582641]
 [ -92.96619569  -93.16622781  -93.51706478 ... -141.65085149
  -141.65159518 -141.64992764]]",1
"[[ -94.69279138  -95.35594129  -96.08079983 ... -143.08139367
  -143.08187963 -143.08178537]
 [ -95.58599585  -96.31234966  -96.88332036 ... -143.77912286
  -143.77911424 -143.77869472]
 [ -96.39082809  -97.057343    -97.67117653 ... -143.54753074
  -143.55068292 -143.55427699]
 ...
 [ -93.545061    -94.14885357  -94.7462748  ... -141.31180536
  -141.31632756 -141.31385787]
 [ -94.96424705  -95.70608498  -96.58973941 ... -142.44653514
  -142.4493572  -142.45885736]
 [ -95.53919862  -96.44220763  -97.22692554 ... -142.84577524
  -142.85071845 -142.85210661]]",1
"[[-101.69226103 -102.09733477 -102.08896225 ... -150.46346249
  -150.4361254  -150.42521785]
 [-102.03585837 -102.35088589 -102.28911141 ... -151.14245105
  -151.14352313 -151.14242707]
 [-100.69645368 -101.01223112 -101.09143971 ... -148.12592678
  -148.11523728 -148.11103364]
 ...
 [ -99.13367395  -99.52184991  -99.63672564 ... -145.45419118
  -145.44444453 -145.41949809]
 [-102.98457493 -103.37703137 -103.34068907 ... -150.87539675
  -150.88282598 -150.87930009]
 [-102.39270042 -102.642732   -102.54226593 ... -149.89831696
  -149.88679696 -149.88893301]]",0
"[[ -93.88266224  -94.4035122   -94.95020028 ... -143.69803844
  -143.68959727 -143.68512609]
 [ -94.01956049  -94.62577874  -95.28582147 ... -144.2611725
  -144.25308332 -144.24874757]
 [ -94.44392075  -95.01626508  -95.60764991 ... -143.7255696
  -143.72364071 -143.7228605 ]
 ...
 [ -91.53043933  -92.22722677  -92.85180064 ... -141.58887003
  -141.58809441 -141.58708846]
 [ -91.2611046   -91.71007707  -92.15201458 ... -140.44882071
  -140.4489049  -140.4489019 ]
 [ -91.43123299  -91.93938274  -92.32903069 ... -141.85318475
  -141.85489431 -141.8550786 ]]",0
"[[ -89.9953172   -91.16628172  -91.99198707 ... -143.12816285
  -143.13006777 -143.12992423]
 [ -91.20564841  -92.21378559  -93.06882616 ... -144.65594108
  -144.66216673 -144.66329141]
 [ -92.46636291  -93.61599705  -94.50134343 ... -145.04699642
  -145.04782405 -145.0470595 ]
 ...
 [ -87.89688912  -89.23552674  -90.49527684 ... -142.3841315
  -142.38521636 -142.38481485]
 [ -89.85305224  -90.85742165  -91.60325637 ... -142.62740849
  -142.62826987 -142.62840939]
 [ -88.80116131  -89.71855425  -90.59728851 ... -142.56360686
  -142.56441262 -142.5645137 ]]",1
"[[ -93.20067965  -93.26394102  -93.26536296 ... -142.83133058
  -142.83270228 -142.83276651]
 [ -92.9806408   -93.2071581   -93.3685043  ... -142.80148214
  -142.80202708 -142.80200135]
 [ -93.10428222  -93.19235567  -93.28345128 ... -142.38199083
  -142.38022438 -142.38031166]
 ...
 [ -91.38390203  -91.49555902  -91.59209437 ... -141.39867076
  -141.39891007 -141.39936382]
 [ -91.53599856  -91.74224752  -91.88546876 ... -141.00197162
  -141.00332664 -141.00268401]
 [ -91.58787323  -91.94308494  -92.16952393 ... -142.52190471
  -142.52288806 -142.52531339]]",0
"[[ -91.32960219  -92.29007198  -93.21506177 ... -143.38936549
  -143.39132463 -143.39111971]
 [ -91.99399768  -93.06600435  -94.0892283  ... -144.1166158
  -144.1161743  -144.11754925]
 [ -92.63740946  -93.37759005  -94.00109656 ... -144.18091385
  -144.18070088 -144.1806344 ]
 ...
 [ -90.15590682  -91.0457327   -91.84489065 ... -141.6621455
  -141.66138309 -141.66223796]
 [ -91.64121888  -92.45478063  -93.11702382 ... -142.24638397
  -142.24649183 -142.24798968]
 [ -91.1170952   -92.08019085  -92.876036   ... -141.41842454
  -141.41834931 -141.41954174]]",1
"[[ -93.39058808  -93.93071252  -94.22143379 ... -141.3446865
  -141.34542902 -141.34553432]
 [ -93.39447533  -94.07922212  -94.61492191 ... -142.38837267
  -142.38735191 -142.38817432]
 [ -93.80639704  -94.31519324  -94.57512455 ... -144.86295497
  -144.8561998  -144.85254376]
 ...
 [ -90.96112345  -91.37642483  -91.76698136 ... -141.79107148
  -141.79203135 -141.7900531 ]
 [ -92.59120952  -92.94516238  -93.31995647 ... -140.3424761
  -140.34437909 -140.34421499]
 [ -92.01422573  -92.57574432  -93.07222325 ... -142.23038049
  -142.22853137 -142.23030761]]",1
"[[ -94.50775768  -94.4617797   -94.40722724 ... -143.18456077
  -143.18583443 -143.18597967]
 [ -94.42566351  -94.35555483  -94.38170994 ... -143.5243385
  -143.52260664 -143.51775206]
 [ -95.34062925  -95.22218823  -95.08788802 ... -144.2851721
  -144.28406012 -144.27827873]
 ...
 [ -93.03153377  -93.00138899  -92.91943527 ... -141.41089818
  -141.40983684 -141.40544012]
 [ -92.56612988  -92.59437533  -92.70297003 ... -141.32468948
  -141.32391712 -141.32018465]
 [ -93.12564176  -93.2374681   -93.20127163 ... -140.59452367
  -140.59454597 -140.59866069]]",0
"[[ -90.56849224  -90.98335716  -91.44961826 ... -145.75125266
  -145.75036897 -145.7543957 ]
 [ -90.59832667  -91.06517301  -91.53178462 ... -145.17220622
  -145.17177567 -145.17288865]
 [ -93.29891428  -93.70140536  -94.05884325 ... -146.39743039
  -146.39824169 -146.3979758 ]
 ...
 [ -88.58422679  -89.2544984   -89.97379492 ... -142.96770935
  -142.97063578 -142.96607498]
 [ -88.35887971  -88.91670444  -89.42148217 ... -142.558144
  -142.55906306 -142.55840494]
 [ -88.07431137  -88.69185108  -89.29896522 ... -141.94863018
  -141.94898391 -141.94811945]]",1
"[[-101.29554721 -101.48759399 -101.6013458  ... -150.34419611
  -150.34505252 -150.34657983]
 [-101.605753   -101.90146443 -102.07198366 ... -148.15719543
  -148.16267823 -148.16843876]
 [-101.99392892 -102.2091258  -102.31278801 ... -149.90958728
  -149.91379573 -149.91711442]
 ...
 [ -98.27221819  -98.68679475  -99.02673875 ... -147.58723676
  -147.58772946 -147.58861071]
 [ -96.99146542  -97.55036624  -97.9191992  ... -147.95109511
  -147.95232645 -147.95207778]
 [ -96.9482391   -97.3775125   -97.68517921 ... -147.72241923
  -147.72350345 -147.7240625 ]]",1
"[[ -88.3020435   -89.21469102  -90.66356584 ... -144.90313951
  -144.90402518 -144.90471111]
 [ -92.23216321  -92.92649935  -93.99487521 ... -143.52715548
  -143.52647234 -143.52649997]
 [ -91.9002827   -92.64065534  -93.69741634 ... -146.66975869
  -146.67141496 -146.67193364]
 ...
 [ -87.32270219  -88.33500314  -89.87670748 ... -143.92669419
  -143.92692317 -143.92719218]
 [ -86.83489065  -88.04731848  -89.77439732 ... -142.81196013
  -142.81227899 -142.81275246]
 [ -89.17432665  -89.86275052  -90.59466795 ... -142.94372803
  -142.94465842 -142.94488189]]",0
"[[ -94.71630161  -95.53030895  -96.17757842 ... -146.11257539
  -146.11051368 -146.10472556]
 [ -94.21637912  -95.0182705   -95.76050744 ... -146.41040316
  -146.41036523 -146.40317831]
 [ -96.11308969  -96.97898685  -97.65714279 ... -147.10445136
  -147.10561661 -147.10373067]
 ...
 [ -90.65130452  -91.64702351  -92.45840404 ... -142.70999176
  -142.70962653 -142.7094333 ]
 [ -90.82128042  -91.848115    -92.48804514 ... -141.74376853
  -141.74282382 -141.73843784]
 [ -91.0869466   -92.0417431   -92.77220345 ... -142.37098481
  -142.36750829 -142.36748823]]",0
"[[ -97.65063273  -97.79185264  -98.2722788  ... -138.16982305
  -138.17080442 -138.17885331]
 [ -97.68057974  -98.11811821  -98.14402665 ... -135.21232132
  -135.21663323 -135.21789215]
 [ -98.32473742  -98.37254609  -98.7339427  ... -135.53729568
  -135.54088442 -135.54389279]
 ...
 [ -95.68670991  -95.9353138   -96.19968092 ... -135.83391176
  -135.83699521 -135.84016943]
 [ -94.69684264  -95.11626134  -95.49294995 ... -138.9194967
  -138.93010208 -138.93780666]
 [ -95.53190363  -96.58771144  -96.79904567 ... -134.32017392
  -134.3169699  -134.31946885]]",1
"[[ -92.15453121  -92.82018213  -93.26249345 ... -141.64984738
  -141.65037515 -141.65094119]
 [ -91.66563752  -92.2416348   -92.74931577 ... -141.99964716
  -141.9994764  -142.00068997]
 [ -92.94979342  -93.70820183  -94.17117681 ... -142.92654027
  -142.92778944 -142.92758459]
 ...
 [ -91.03529998  -91.72535249  -92.18689984 ... -141.12065538
  -141.12021979 -141.12099242]
 [ -91.06923971  -91.58117664  -92.04051417 ... -141.08955111
  -141.09006048 -141.08953942]
 [ -90.79474124  -91.29983413  -91.73060134 ... -141.12305398
  -141.12253033 -141.12357839]]",1
"[[ -98.53070201  -99.58309775 -100.44073623 ... -149.6336051
  -149.63275349 -149.63326088]
 [ -99.05325711  -99.93624991 -100.61086196 ... -150.10693787
  -150.1082996  -150.10803015]
 [-101.11989159 -101.97327967 -102.58131329 ... -150.83496409
  -150.83342446 -150.83257555]
 ...
 [ -96.36574071  -97.58659066  -98.59243698 ... -146.8582563
  -146.85650562 -146.85588617]
 [ -95.99214816  -96.7205013   -97.34834942 ... -145.11111119
  -145.11281104 -145.11169838]
 [ -96.35817507  -97.01594809  -97.46233932 ... -145.48760152
  -145.48789774 -145.48879368]]",0
"[[ -94.61027578  -95.24253151  -95.72184514 ... -145.35767844
  -145.35889758 -145.36002325]
 [ -94.20326688  -95.02343392  -95.56872112 ... -145.80562098
  -145.8069375  -145.80870308]
 [ -96.45893699  -97.15229373  -97.62761763 ... -146.72304732
  -146.72276404 -146.72363101]
 ...
 [ -91.78026937  -92.83390613  -93.6450316  ... -143.86326268
  -143.864301   -143.86448523]
 [ -90.65148342  -91.27493642  -91.75773937 ... -143.72516828
  -143.72402706 -143.72454011]
 [ -90.84670692  -91.42770818  -91.88878269 ... -143.73417931
  -143.73612319 -143.73867122]]",0
"[[ -91.27331675  -91.75364491  -92.14529951 ... -142.13865783
  -142.13856637 -142.13830568]
 [ -90.91186522  -91.75727577  -92.42963247 ... -142.47732106
  -142.47724729 -142.4770972 ]
 [ -92.91160586  -93.43234822  -93.69365685 ... -142.61880496
  -142.61916864 -142.61940933]
 ...
 [ -90.33674715  -90.99200196  -91.44639952 ... -141.52858291
  -141.52828924 -141.52842185]
 [ -90.19448455  -90.76932479  -91.19583987 ... -141.4654415
  -141.4649919  -141.46521486]
 [ -89.36936064  -90.17976389  -90.82812468 ... -141.24671431
  -141.24675627 -141.24710896]]",0
"[[ -98.33048503  -98.6960526   -99.01366677 ... -147.8840453
  -147.88371877 -147.88484326]
 [ -98.72518285  -99.00287972  -99.37675918 ... -147.27756359
  -147.27775335 -147.27405177]
 [ -99.8246138  -100.0508215  -100.32195277 ... -148.05217065
  -148.05056954 -148.04981318]
 ...
 [ -96.96298809  -97.13855476  -97.37998215 ... -144.26555581
  -144.26376383 -144.26351726]
 [ -94.21555458  -94.55608652  -94.87671092 ... -141.99923747
  -141.99897796 -141.99883529]
 [ -94.96531603  -95.05367564  -95.1059503  ... -142.42422845
  -142.4248544  -142.42233412]]",1
"[[ -93.93995571  -94.58001676  -95.1599227  ... -143.07358769
  -143.07319573 -143.07384247]
 [ -93.61347496  -94.31810433  -94.9180687  ... -142.41120932
  -142.41253716 -142.41286257]
 [ -95.13425032  -95.85199394  -96.44639823 ... -143.59572067
  -143.59680578 -143.59757577]
 ...
 [ -92.67255389  -93.37317717  -94.05924662 ... -141.16040627
  -141.16188902 -141.16166355]
 [ -92.21574154  -92.7496891   -93.21883664 ... -140.79053417
  -140.79123517 -140.79181914]
 [ -92.40971515  -92.98874195  -93.47508691 ... -140.36474527
  -140.36578328 -140.36669123]]",1
"[[ -99.97959051 -100.25402781 -100.43867941 ... -144.1442652
  -144.14305788 -144.1428258 ]
 [ -99.73207402 -100.03394104 -100.29113934 ... -144.37147189
  -144.37040726 -144.3689009 ]
 [-100.87442681 -101.15950905 -101.35859502 ... -144.68509265
  -144.68409121 -144.68512251]
 ...
 [ -97.97091756  -98.30369198  -98.48920909 ... -141.84605581
  -141.84648975 -141.84712366]
 [ -96.26583581  -96.64107119  -97.00042473 ... -141.45460386
  -141.45362735 -141.45233192]
 [ -95.64248811  -96.04175333  -96.39469589 ... -140.86610901
  -140.86495501 -140.86531343]]",1
"[[ -95.10459978  -95.05360529  -94.97938255 ... -144.00159425
  -144.00181491 -144.00226381]
 [ -95.07126134  -94.97661601  -94.9446746  ... -143.87895421
  -143.87883763 -143.87909578]
 [ -95.58142758  -95.261915    -94.9909056  ... -143.63111944
  -143.63170246 -143.6314613 ]
 ...
 [ -92.66875355  -92.56573305  -92.41862325 ... -142.94640514
  -142.946283   -142.94663699]
 [ -92.1065754   -92.40189012  -92.79447988 ... -141.30898185
  -141.30919735 -141.30921106]
 [ -92.95089866  -93.32365513  -93.75165951 ... -144.14772797
  -144.14751441 -144.14786105]]",0
"[[ -93.97272517  -94.30435281  -94.71182916 ... -144.71303605
  -144.71338471 -144.71197679]
 [ -94.42874209  -94.70832954  -95.19897301 ... -144.74267865
  -144.74215301 -144.74318486]
 [ -95.60207392  -95.86400396  -96.22555828 ... -145.53051163
  -145.53126883 -145.53147367]
 ...
 [ -93.09760624  -93.41303094  -93.79755352 ... -143.31593422
  -143.3176289  -143.31682296]
 [ -93.30728467  -93.69426458  -94.19580679 ... -144.18249656
  -144.1831061  -144.18354998]
 [ -93.15959291  -93.49345051  -94.02143983 ... -143.6463037
  -143.64641638 -143.64718761]]",1
"[[ -98.51522094  -98.96857825  -99.16263901 ... -146.92010819
  -146.92093276 -146.92237286]
 [ -98.40677686  -98.68462002  -98.81020898 ... -147.50413739
  -147.50477448 -147.50804863]
 [ -99.51452305 -100.10362968 -100.38189595 ... -148.28830608
  -148.2895217  -148.29225551]
 ...
 [ -96.17368476  -96.75389827  -97.09387205 ... -145.62579433
  -145.62921893 -145.62993663]
 [ -95.87809462  -96.34590702  -96.70967881 ... -145.24559553
  -145.24486592 -145.24775749]
 [ -95.29071987  -95.72116182  -96.02711099 ... -145.02686294
  -145.02810838 -145.03082817]]",0
"[[ -93.5059283   -94.27082344  -94.76553034 ... -143.88869332
  -143.88844098 -143.88882171]
 [ -95.41317159  -95.65413953  -95.7486465  ... -147.4536056
  -147.4576759  -147.45887873]
 [ -94.30533871  -95.07491824  -95.42205645 ... -144.66186567
  -144.66918083 -144.67495828]
 ...
 [ -92.48307326  -93.2730838   -93.65930514 ... -142.36229709
  -142.37344113 -142.38771257]
 [ -89.28899775  -89.89594559  -90.28986079 ... -140.03053249
  -140.04110688 -140.05373686]
 [ -90.14361672  -90.51338937  -90.67231888 ... -141.4920376
  -141.49106407 -141.49164814]]",0
"[[ -94.1087704   -94.82420145  -95.42804443 ... -143.00833771
  -143.01216826 -143.01676049]
 [ -93.96903476  -94.52832672  -95.00648276 ... -142.59664188
  -142.59827232 -142.59942302]
 [ -95.02467233  -95.58916542  -96.10056165 ... -142.94132777
  -142.94173335 -142.94244591]
 ...
 [ -92.95581731  -93.65162649  -94.26973454 ... -140.42197266
  -140.42173889 -140.42175849]
 [ -92.63681595  -93.37604079  -93.93180881 ... -141.71024311
  -141.7145209  -141.71960569]
 [ -92.13726255  -92.79846585  -93.24028971 ... -141.09028978
  -141.08777374 -141.08368583]]",1
"[[ -95.24167049  -95.74598816  -96.10964716 ... -146.98721705
  -146.9884414  -146.98770896]
 [ -94.36880261  -94.74447697  -95.18833355 ... -146.92698429
  -146.92713835 -146.9285946 ]
 [ -95.98727857  -96.39369778  -96.72530438 ... -147.40929001
  -147.40922647 -147.40860205]
 ...
 [ -93.82703034  -94.18310478  -94.46240897 ... -145.19835002
  -145.20036328 -145.19771486]
 [ -93.60303737  -94.02573803  -94.27720426 ... -143.15079112
  -143.15097247 -143.15057629]
 [ -92.83871186  -93.32427707  -93.81935578 ... -144.52219238
  -144.52276969 -144.52194517]]",1
"[[ -93.65954999  -94.27516809  -94.79002301 ... -145.48451448
  -145.48432208 -145.48590631]
 [ -92.5937056   -93.10838263  -93.62904504 ... -143.67692744
  -143.68194781 -143.68543181]
 [ -95.4033381   -95.97382086  -96.43467641 ... -145.06124394
  -145.06061274 -145.06098775]
 ...
 [ -91.76877282  -92.41899227  -93.09526617 ... -142.82690168
  -142.82670303 -142.827381  ]
 [ -89.82774678  -90.45893057  -90.96906804 ... -142.28356477
  -142.27986036 -142.28118135]
 [ -88.75619515  -89.10059647  -89.40665581 ... -140.5262598
  -140.5249419  -140.52584411]]",0
"[[ -95.11108546  -95.92696465  -96.62106352 ... -145.34163444
  -145.34228013 -145.34191756]
 [ -96.67813377  -97.40498743  -97.95037025 ... -146.41347753
  -146.41348279 -146.41484233]
 [ -98.93890935  -99.42876961  -99.74505221 ... -147.34898955
  -147.35053517 -147.34927453]
 ...
 [ -95.17950199  -95.9157297   -96.37398746 ... -144.21130754
  -144.21230752 -144.21148945]
 [ -91.60182184  -92.75296131  -93.62549908 ... -142.4807072
  -142.48084036 -142.48086271]
 [ -92.51024034  -93.6502479   -94.47416833 ... -143.16833274
  -143.16903548 -143.16935233]]",0
"[[ -93.63407649  -93.59253542  -93.64130103 ... -143.72665296
  -143.72308964 -143.72337576]
 [ -92.72520386  -92.93326704  -93.1140006  ... -142.50956763
  -142.50949781 -142.50925094]
 [ -95.1667949   -95.17577411  -95.29467259 ... -143.53469677
  -143.53651202 -143.53705667]
 ...
 [ -92.75468634  -92.8426801   -93.11455046 ... -141.3685485
  -141.36844121 -141.36833851]
 [ -92.57341113  -92.66003098  -92.78805593 ... -140.56585553
  -140.56436825 -140.56543845]
 [ -92.56075455  -92.811729    -93.0866337  ... -141.59055073
  -141.58893112 -141.58892698]]",1
"[[ -97.11241746  -97.18030288  -97.27617319 ... -144.44262529
  -144.44337691 -144.44335789]
 [ -96.91514144  -97.19993096  -97.44082582 ... -146.84037561
  -146.83968598 -146.83896919]
 [ -98.66964817  -99.02779378  -99.28822901 ... -146.3750602
  -146.37356479 -146.37459039]
 ...
 [ -96.18718519  -96.61100771  -96.8831298  ... -143.51385632
  -143.51436913 -143.51383614]
 [ -94.22916933  -94.28384455  -94.22084265 ... -140.32261077
  -140.32452519 -140.32472987]
 [ -95.66558338  -95.9445089   -96.20120255 ... -143.32818194
  -143.32825286 -143.32775309]]",1
"[[ -97.14746644  -97.57400338  -98.0338219  ... -147.49035592
  -147.48950444 -147.49042112]
 [ -96.34362756  -96.73090903  -97.0941126  ... -146.40859708
  -146.41050563 -146.412896  ]
 [ -96.4279655   -96.78502556  -97.18496553 ... -146.0443517
  -146.04361443 -146.04126682]
 ...
 [ -94.88283891  -95.29200728  -95.68961159 ... -144.77033099
  -144.77425915 -144.77708337]
 [ -95.13936597  -95.49965618  -95.93656077 ... -145.11336545
  -145.11267562 -145.11296944]
 [ -94.48437381  -94.8968458   -95.31158554 ... -144.27330976
  -144.27174333 -144.27099039]]",0
"[[ -91.15821528  -92.28116349  -93.84804319 ... -144.502275
  -144.50161849 -144.50153204]
 [ -88.28238219  -89.35002206  -90.72016339 ... -142.66919105
  -142.66912682 -142.66893139]
 [ -91.35994667  -92.56393089  -94.12083141 ... -143.63140036
  -143.63119459 -143.63180106]
 ...
 [ -88.14513428  -89.6211792   -91.53985678 ... -141.87135914
  -141.87162404 -141.87131933]
 [ -89.55786614  -90.93652761  -92.5835404  ... -143.0138378
  -143.01425575 -143.01426052]
 [ -89.97822992  -91.14705975  -92.45412041 ... -143.26454466
  -143.2682654  -143.26790111]]",1
"[[ -95.20637003  -95.50686408  -95.9574312  ... -145.08958628
  -145.08738388 -145.08816889]
 [ -92.97866283  -93.16848543  -93.44549521 ... -143.73078633
  -143.73356994 -143.73222108]
 [ -95.50792814  -95.8972811   -96.28956798 ... -145.46677101
  -145.46934422 -145.46914491]
 ...
 [ -93.39073264  -93.63110101  -93.99676456 ... -142.27697837
  -142.27917897 -142.27894352]
 [ -93.00704004  -93.12588646  -93.50326578 ... -141.91660321
  -141.9166496  -141.91585814]
 [ -92.03211781  -92.29864096  -92.64109868 ... -139.6852176
  -139.68473842 -139.68271521]]",1
